{
  "train_loss": [
    0.10167868362131152,
    0.07069039300323536,
    0.06872211669749126,
    0.06780475211296268,
    0.06740420715286245,
    0.06692175510999987,
    0.06652825882953364,
    0.06638818748819755,
    0.06617508993100008,
    0.0659756675909837,
    0.06581846379490416,
    0.0657059571847559,
    0.06555655240362714,
    0.06553584057196415,
    0.06545126961876212,
    0.06542978024747231,
    0.06539191138327076,
    0.06528907036373154,
    0.06516992767621473,
    0.06507985959115974,
    0.06507218357491967,
    0.06504789461376745,
    0.06493457298164342,
    0.06494456424585215,
    0.06491836910467387,
    0.06491056418113336,
    0.06486065511598145,
    0.06471316298924518,
    0.0647211615480739,
    0.06476380280129948,
    0.06471508377258023,
    0.06462729567492291,
    0.06462768272317906,
    0.06466446765474035,
    0.06455900331969104,
    0.06454886857480062,
    0.06456143353718698,
    0.06454733207639429,
    0.06447919951530932,
    0.06436150025522198,
    0.06439318971647136,
    0.0642582785805606,
    0.06430795760547375,
    0.06438893627862759,
    0.06433805838432491,
    0.06427382688909518,
    0.06425221013254397,
    0.0642700162876537,
    0.06429427212450509,
    0.06418884999468615
  ],
  "val_loss": [
    0.10871143000466484,
    0.10542337543198041,
    0.1045995264019801,
    0.10266227015491688,
    0.1030538570764777,
    0.10342605350724546,
    0.10215625513619159,
    0.10286604587262843,
    0.10190225913475602,
    0.1024933782490817,
    0.10084679879215888,
    0.10097064526179136,
    0.10163986642574852,
    0.10112425249505352,
    0.10083281903555899,
    0.10099630235206514,
    0.10055075485855985,
    0.10105244460560027,
    0.1005682357429684,
    0.10007468394902877,
    0.1008222381306159,
    0.10187115410576651,
    0.10157851484559831,
    0.0995526590195053,
    0.1005429740172702,
    0.09968737314467306,
    0.09989465100618151,
    0.10014127199719479,
    0.09961503163560645,
    0.09967640864771682,
    0.10003801053027053,
    0.10015562083168979,
    0.10026019498770371,
    0.09981164071725045,
    0.09911919007827709,
    0.09920925664759818,
    0.10079969617324475,
    0.0999279778724883,
    0.09917859452498423,
    0.09883182958671541,
    0.09891385222216706,
    0.09891878342602677,
    0.09952249592452338,
    0.09890227732591299,
    0.09918769200642903,
    0.09889862257422823,
    0.09902987405012696,
    0.09927409374481672,
    0.09852851648286824,
    0.09957855889872039
  ],
  "lr": [
    9.999884526143959e-05,
    9.99989140566089e-05,
    9.999893096281185e-05,
    9.999897019460865e-05,
    9.999896232363542e-05,
    9.999895481463893e-05,
    9.999898032123033e-05,
    9.99989661024165e-05,
    9.9998985385462e-05,
    9.99989735801198e-05,
    9.99990062944382e-05,
    9.99990038522768e-05,
    9.999899060387021e-05,
    9.999900081909082e-05,
    9.999900656992047e-05,
    9.999900334596304e-05,
    9.999901212006151e-05,
    9.999900223761023e-05,
    9.999901177654427e-05,
    9.999902145238337e-05,
    9.999900677840026e-05,
    9.999898600477487e-05,
    9.999899182207621e-05,
    9.999903163462416e-05,
    9.999901227294379e-05,
    9.999902901208584e-05,
    9.999902496999159e-05,
    9.999902014973547e-05,
    9.999903042083025e-05,
    9.999902922566903e-05,
    9.999902216944769e-05,
    9.999901986891878e-05,
    9.999901782111458e-05,
    9.999902658977058e-05,
    9.999904004908781e-05,
    9.999903830374493e-05,
    9.99990072224805e-05,
    9.999902431930592e-05,
    9.999903889810472e-05,
    9.999904560706733e-05,
    9.999904402227313e-05,
    9.999904392695335e-05,
    9.99990322213363e-05,
    9.999904424599629e-05,
    9.999903872177676e-05,
    9.999904431663102e-05,
    9.999904177832101e-05,
    9.999903704632665e-05,
    9.999905145608897e-05,
    9.999903113069533e-05
  ]
}