{
  "train_loss": [
    0.05713147320354598,
    0.05111475799743843,
    0.05062809135607569,
    0.04906063507947491,
    0.04820450332561277,
    0.04727456211370458,
    0.04623770985462381,
    0.04635619092609802,
    0.04489185682210413,
    0.04487350296307758,
    0.04372764681404491,
    0.04366609328586146,
    0.04342476373150119,
    0.04275626429948848,
    0.04294356081074492,
    0.04192237604635529,
    0.040505010872405996,
    0.04160679821514753,
    0.04013183858678099,
    0.04024728115016501,
    0.03990783030105789,
    0.04023818929844332,
    0.03960049857746682,
    0.03963982878316754,
    0.039487928503480464,
    0.03897055373269091,
    0.03768126267969294,
    0.037931816172012,
    0.03845232994342346,
    0.03791505055831337,
    0.03844120672911327,
    0.03801412455919432,
    0.03670555297199312,
    0.037525850289199,
    0.03706996470055786,
    0.037991093080933146,
    0.0377761936110093,
    0.037664930891530654,
    0.03845479705746932,
    0.036611018301845384,
    0.03647979309212289,
    0.03692959624866029,
    0.037486665982920137
  ],
  "val_loss": [
    0.04944801404238192,
    0.04846981165013207,
    0.047745828266575266,
    0.04891728219895888,
    0.04684065975971631,
    0.04620586417671015,
    0.048428843381689554,
    0.04669494283343874,
    0.042262577284961494,
    0.048429405483514515,
    0.04600627857969323,
    0.045903841269883644,
    0.05631826765168069,
    0.04635950977177317,
    0.04905291157427119,
    0.042327800237420776,
    0.04360306991347626,
    0.04483165737908723,
    0.041493435091436354,
    0.04144133311877055,
    0.042468170093289064,
    0.04242876352770115,
    0.04254948176832786,
    0.04252227708530515,
    0.04508539824399041,
    0.044535282957576104,
    0.04116801156509501,
    0.041536488605023764,
    0.0412595866720623,
    0.042693874763964273,
    0.04105027136045383,
    0.04089899384764148,
    0.03921472136654071,
    0.03990625897283429,
    0.039933648106377964,
    0.04318507254790904,
    0.03988688622615231,
    0.043657100981852014,
    0.04144715631742086,
    0.042179839171246805,
    0.0419318285881917,
    0.04267913273382765,
    0.040526712466198114
  ],
  "lr": [
    0.001,
    0.001,
    0.001,
    0.001,
    0.001,
    0.001,
    0.001,
    0.001,
    0.001,
    0.001,
    0.001,
    0.001,
    0.001,
    0.001,
    0.0005,
    0.0005,
    0.0005,
    0.0005,
    0.0005,
    0.0005,
    0.0005,
    0.0005,
    0.0005,
    0.0005,
    0.0005,
    0.00025,
    0.00025,
    0.00025,
    0.00025,
    0.00025,
    0.00025,
    0.00025,
    0.00025,
    0.00025,
    0.00025,
    0.00025,
    0.00025,
    0.00025,
    0.000125,
    0.000125,
    0.000125,
    0.000125,
    0.000125
  ]
}